id,product_name,keyword,source,url,domain,money_score,demand_score,competition_score,pain_score,total_score,tags,snippets
1,Unknown,shopify product scraper,chrome_store,https://chromewebstore.google.com/detail/shopify-scraper/idjimkpnmipnenkoifdomonlcejhhjnn,chromewebstore.google.com,0.0,4.000043427276863,1.0,0.0,0.0,[],[]
2,Unknown,shopify product scraper,chrome_store,https://chromewebstore.google.com/detail/free-shopify-product-scra/cpgnbnkicmfhkglagioeamammaefejeg,chromewebstore.google.com,0.0,3.3012470886362113,1.0,0.0,0.0,[],[]
3,Unknown,shopify product scraper,chrome_store,https://chromewebstore.google.com/detail/shopify-shark-product-scr/aingngcmeghkkpbapgdhbidmemoiaahb,chromewebstore.google.com,0.0,3.477265995424853,1.0,0.0,0.0,[],[]
4,Unknown,shopify product scraper free,chrome_store,https://chromewebstore.google.com/detail/shopify-scraper-parser-sh/injdgfhiepghpnihhgmkejcjnoohaibm,chromewebstore.google.com,0.0,5.60206107706281,1.0,0.0,0.0,['popular'],[]
5,Unknown,shopify products scraper by meetanshi,chrome_store,https://chromewebstore.google.com/detail/shopify-product-scraper-s/ephoekniabklgfanmiommibapgbingmj,chromewebstore.google.com,0.0,2.5352941200427703,1.0,0.0,0.0,[],[]
6,Unknown,free shopify product scraper & exporter,chrome_store,https://chromewebstore.google.com/detail/shopify-scraper-shopify-s/pehfmekejnhfofdjabaalbnanmpgjcdn,chromewebstore.google.com,0.0,3.000434077479319,1.0,0.0,0.0,[],[]
7,Unknown,amazon dropshipping tools,chrome_store,https://chromewebstore.google.com/detail/e-commerce-product-resear/pclmdnhhaodipimblfebcoflbnolgkci,chromewebstore.google.com,0.0,3.000434077479319,1.0,0.0,0.0,[],[]
8,Unknown,amazon dropshipping tools,chrome_store,https://chromewebstore.google.com/detail/amazon-seller-address-scr/mncmifeggjjngfjebjdpgghiklpeeobf,chromewebstore.google.com,0.0,1.5563025007672873,1.0,0.0,0.0,[],[]
9,Unknown,amazon dropshipping tools,chrome_store,https://chromewebstore.google.com/detail/sawd-ebay-scraper/agcneiabnganclkfigniikgmhhahdkfo,chromewebstore.google.com,0.0,2.0453229787866576,1.0,0.0,0.0,[],[]
10,Unknown,best amazon dropshipping tools,chrome_store,https://chromewebstore.google.com/detail/amazon-review-extractor/ekmlpjpmebgigphdgoogdgngmphffpmb,chromewebstore.google.com,0.0,2.45484486000851,1.0,0.0,0.0,[],[]
11,Unknown,best amazon dropshipping tools,chrome_store,https://chromewebstore.google.com/detail/downpictures-image-video/ahfkdgecdjhhgpckemoffpgkgfaadpcj,chromewebstore.google.com,0.0,0.9542425094393249,1.0,0.0,0.0,[],[]
12,Unknown,amazon dropshipping product research tool,chrome_store,https://chromewebstore.google.com/detail/amazon-online-arbitrage-w/edkgpjhfpfpgkohafpaliolcfnijnibh,chromewebstore.google.com,0.0,4.000043427276863,1.0,0.0,0.0,[],[]
13,Unknown,amazon dropshipping product research tool,chrome_store,https://chromewebstore.google.com/detail/saturation-scout/mhhnhmglejcmjmgmbhfngnijkkeflmek,chromewebstore.google.com,0.0,3.477265995424853,1.0,0.0,0.0,[],[]
14,Unknown,amazon to ebay dropshipping tools,chrome_store,https://chromewebstore.google.com/detail/autods-dropshipping-helpe/inblpolgchbcgmocpnalobjmmaldkjap,chromewebstore.google.com,0.0,4.477135730961123,1.0,0.0,0.0,['popular'],[]
15,Unknown,amazon to ebay dropshipping tools,chrome_store,https://chromewebstore.google.com/detail/dropcopy/jacbjcahibjdckjiecndegnphmjjjimf,chromewebstore.google.com,0.0,0.7781512503836436,1.0,0.0,0.0,[],[]
16,Unknown,is amazon dropshipping,chrome_store,https://chromewebstore.google.com/detail/sharkdropship-for-temu-al/ajbncoijgeclkangiahiphilnolbdmmh,chromewebstore.google.com,0.0,3.477265995424853,1.0,0.0,0.0,[],[]
17,Unknown,is amazon good for dropshipping,chrome_store,https://chromewebstore.google.com/detail/amazon-hot-items-finder-a/nnaigeljgbndmbbgblfooljplddofljg,chromewebstore.google.com,0.0,3.000434077479319,1.0,0.0,0.0,[],[]
18,Unknown,does amazon dropshipping work,chrome_store,https://chromewebstore.google.com/detail/amazon-asin-copy/aohfjaadlbiifnnajpobdhokecjokhab,chromewebstore.google.com,0.0,0.6989700043360189,1.0,0.0,0.0,[],[]
19,Unknown,competitor price tracker,chrome_store,https://chromewebstore.google.com/detail/priceedge-track-your-comp/jdcjpmlgbjkbaphmkhfmpoadebkabfde,chromewebstore.google.com,0.0,1.7160033436347992,1.0,0.0,0.0,[],[]
20,Unknown,competitor price tracker,chrome_store,https://chromewebstore.google.com/detail/aliprice-shopping-assista/nhfmioilpglanakdpomfobcmbkbjedha,chromewebstore.google.com,0.0,4.000043427276863,1.0,0.0,0.0,[],[]
21,Unknown,competitor price tracker,chrome_store,https://chromewebstore.google.com/detail/priceotus-variants-import/holkjknaaabpnefcfejoimcdcdnphhnj,chromewebstore.google.com,0.0,1.1139433523068367,1.0,0.0,0.0,[],[]
22,Unknown,competitor price tracking tool,chrome_store,https://chromewebstore.google.com/detail/miruka/lgjjgdaceekchlbdbblnblgeoehdebjm,chromewebstore.google.com,0.0,0.47712125471966244,1.0,0.0,0.0,[],[]
23,Unknown,competitor price tracking tool,chrome_store,https://chromewebstore.google.com/detail/thunderbit-ai-web-scraper/hbkblmodhbmcakopmmfbaopfckopccgp,chromewebstore.google.com,0.0,5.000004342923105,1.0,0.0,0.0,['popular'],[]
24,Unknown,competitor price tracking & monitoring software,chrome_store,https://chromewebstore.google.com/detail/ehunt-etsy-rank-tool/pmpgnefoilpinnblccjddomajohmbpko,chromewebstore.google.com,0.0,4.95424733490676,1.0,0.0,0.0,['popular'],[]
25,Unknown,competitor price tracking & monitoring software,chrome_store,https://chromewebstore.google.com/detail/flipkart-seller-keyword-l/fpcdkjdaepkpmbjdigeimabjokgijcfb,chromewebstore.google.com,0.0,3.9031442704095385,1.0,0.0,0.0,[],[]
26,Unknown,competitor price watch,chrome_store,https://chromewebstore.google.com/detail/waltrack-walmart-price-tr/hhafpmbhnjfnlmlmafmbmnpfliohjkkl,chromewebstore.google.com,0.0,3.000434077479319,1.0,0.0,0.0,[],[]
27,Unknown,competitor price watch,chrome_store,https://chromewebstore.google.com/detail/obsrvapp/ikinfdfmbohcloindocimnannmkoaaam,chromewebstore.google.com,0.0,0.47712125471966244,1.0,0.0,0.0,[],[]
28,Unknown,competitor price comparison,chrome_store,https://chromewebstore.google.com/detail/tool4seller-amazon-produc/ocjlckkmllgdmmpiobopeblldmmhjpjk,chromewebstore.google.com,0.0,4.000043427276863,1.0,0.0,0.0,[],[]
29,Unknown,competitor price comparison,chrome_store,https://chromewebstore.google.com/detail/sellify-amazon-walmart-se/aaanccbgcapmhkemhjlkmladllalcmie,chromewebstore.google.com,0.0,3.477265995424853,1.0,0.0,0.0,[],[]
30,Unknown,instagram email extractor,chrome_store,https://chromewebstore.google.com/detail/email-scraper-for-ins/icceojeancmncflpknhmfbfaleindgmi,chromewebstore.google.com,0.0,4.301051709845226,1.0,0.0,0.0,['popular'],[]
31,Unknown,instagram email extractor,chrome_store,https://chromewebstore.google.com/detail/growman-ig-email-extracto/hndnabgpcmhdmaejoapophbidipmgnpb,chromewebstore.google.com,0.0,5.000004342923105,1.0,0.0,0.0,['popular'],[]
32,Unknown,instagram email extractor,chrome_store,https://chromewebstore.google.com/detail/socialdeck-ig-email-extra/lpcfhggocdlchakbpodhamiohpgebpop,chromewebstore.google.com,0.0,3.3012470886362113,1.0,0.0,0.0,[],[]
33,Unknown,instagram email extractor online,chrome_store,https://chromewebstore.google.com/detail/ig-follower-export-tool-i/acibfjbekmadebcjeimaedenabojnnil,chromewebstore.google.com,0.0,4.000043427276863,1.0,0.0,0.0,[],[]
34,Unknown,instagram email extractor online,chrome_store,https://chromewebstore.google.com/detail/emailfox-ig-email-extract/jgafbkcghojdjdlihcdjemmhiokihcjk,chromewebstore.google.com,0.0,3.000434077479319,1.0,0.0,0.0,[],[]
35,Unknown,instagram email extractor online free,chrome_store,https://chromewebstore.google.com/detail/ig-email-extractor-email/pmkfjfdjejeidpfiglaphmamcaffdemf,chromewebstore.google.com,0.0,2.988112840268352,1.0,0.0,0.0,[],[]
36,Unknown,linkedin lead generator,chrome_store,https://chromewebstore.google.com/detail/leadlink-ai-linkedin-lead/ifndaefopfcmmmhabpijffglfoodlpnk,chromewebstore.google.com,0.0,1.255272505103306,1.0,0.0,0.0,[],[]
37,Unknown,linkedin lead generator,chrome_store,https://chromewebstore.google.com/detail/ai-linkedin-lead-generato/jckhmbboedhaamfbdbokfomedoeflhab,chromewebstore.google.com,0.0,1.5314789170422551,1.0,0.0,0.0,[],[]
38,Unknown,linkedin lead generator,chrome_store,https://chromewebstore.google.com/detail/linkedradar-email-finder/kgpckhbdfdhbkfkepcoebpabkmnbhoke,chromewebstore.google.com,0.0,4.698978690138799,1.0,0.0,0.0,['popular'],[]
39,Unknown,linkedin lead generator tool,chrome_store,https://chromewebstore.google.com/detail/commentron-%E2%80%94-ai-booster-f/hdappgahcgpifoabanfifjicfllpokgo,chromewebstore.google.com,0.0,3.602168551378997,1.0,0.0,0.0,[],[]
40,Unknown,linkedin lead generation agency,chrome_store,https://chromewebstore.google.com/detail/apollo-scraper-apollo-lea/ndcehhfhbobpfbnkigpomgbaomabgcoa,chromewebstore.google.com,0.0,3.602168551378997,1.0,0.0,0.0,[],[]
41,Unknown,linkedin lead generation form,chrome_store,https://chromewebstore.google.com/detail/salesmind-ai-automation-t/jbbanajdakjmholbhekdkcfekhibilhg,chromewebstore.google.com,0.0,3.000434077479319,1.0,0.0,0.0,[],[]
42,Unknown,linkedin lead generation form,chrome_store,https://chromewebstore.google.com/detail/octopus-all-in-one-linked/afahlliooeebnifondmbhcaghcapepbm,chromewebstore.google.com,0.0,4.8451042441768255,1.0,0.0,0.0,['popular'],[]
43,Unknown,linkedin lead generation form,chrome_store,https://chromewebstore.google.com/detail/linkedin-sales-navigator/fifeghgfdchhlkpphbggibohpnlnbkcb,chromewebstore.google.com,0.0,3.000434077479319,1.0,0.0,0.0,[],[]
44,Unknown,linkedin lead generation tool free,chrome_store,https://chromewebstore.google.com/detail/waalaxy-linkedin-automati/hlkiignknimkfafapmgpbnbnmkajgljh,chromewebstore.google.com,0.0,5.000004342923105,1.0,0.0,0.0,['popular'],[]
45,Unknown,linkedin lead generation ads,chrome_store,https://chromewebstore.google.com/detail/linkoff-filter-and-custom/maanaljajdhhnllllmhmiiboodmoffon,chromewebstore.google.com,0.0,3.477265995424853,1.0,0.0,0.0,[],[]
46,Unknown,linkedin lead generation ads,chrome_store,https://chromewebstore.google.com/detail/linkedin-custom-feeds-key/ifapldipchmgojgbplomabaafmagbopn,chromewebstore.google.com,0.0,0.7781512503836436,1.0,0.0,0.0,[],[]
47,Unknown,linkedin lead generation ads,chrome_store,https://chromewebstore.google.com/detail/superlioai/bmaobmmbobbmddkdjilonehnhopdgbkj,chromewebstore.google.com,0.0,2.7788744720027396,1.0,0.0,0.0,[],[]
48,Unknown,linkedin lead generation jobs,chrome_store,https://chromewebstore.google.com/detail/linkedin-sales-navigator/dfblonmbgoohadjjhcoeemcailijfigm,chromewebstore.google.com,0.0,4.000043427276863,1.0,0.0,0.0,[],[]
49,Unknown,linkedin lead generation jobs,chrome_store,https://chromewebstore.google.com/detail/bardeen-automate-browser/ihhkmalpkhkoedlmcnilbbhhbhnicjga,chromewebstore.google.com,0.0,5.301032167130962,1.0,0.0,0.0,['popular'],[]
50,Unknown,linkedin lead generation jobs,chrome_store,https://chromewebstore.google.com/detail/linkomatic/ijkepcfiknplifhkobhjnedokefkjofj,chromewebstore.google.com,0.0,2.858537197569639,1.0,0.0,0.0,[],[]
51,Unknown,linkedin lead generation services,chrome_store,https://chromewebstore.google.com/detail/reepl-ai-linkedin-post-wr/dkfmadebibibgfogainfmieipbgffomp,chromewebstore.google.com,0.0,3.477265995424853,1.0,0.0,0.0,[],[]
52,Unknown,linkedin lead generation services,chrome_store,https://chromewebstore.google.com/detail/lead-connect-linkedin-out/jdcjfphdohecknoaelnngakpignnedfb,chromewebstore.google.com,0.0,3.699056854547668,1.0,0.0,0.0,[],[]
53,Unknown,google maps scraper,chrome_store,https://chromewebstore.google.com/detail/maps-scraper-map-data-ext/ofbhiclojhjkggpnapcnjjjdjlgcikdf,chromewebstore.google.com,0.0,4.698978690138799,1.0,0.0,0.0,['popular'],[]
54,Unknown,google maps scraper,chrome_store,https://chromewebstore.google.com/detail/maps-scraper-leads-extrac/ghokiciomljbacchbkfhmnlmflbponlf,chromewebstore.google.com,0.0,4.95424733490676,1.0,0.0,0.0,['popular'],[]
55,Unknown,google maps scraper,chrome_store,https://chromewebstore.google.com/detail/maps-scraper-by-presto/oilholdcmnjkebdhokhaamalceecjbip,chromewebstore.google.com,0.0,5.60206107706281,1.0,0.0,0.0,['popular'],[]
56,Unknown,google maps scraper free,chrome_store,https://chromewebstore.google.com/detail/instant-data-scraper/ofaokhiedipichpaobibbnahnkdoiiah,chromewebstore.google.com,0.0,6.0000004342942646,1.0,0.0,0.0,['popular'],[]
57,Unknown,google maps scraper extension,chrome_store,https://chromewebstore.google.com/detail/maps-extractor-by-leads-e/gaojpolkokdnlbdnejallmpmcigpnhan,chromewebstore.google.com,0.0,3.954290761701127,1.0,0.0,0.0,[],[]
58,Unknown,google maps scraper github,chrome_store,https://chromewebstore.google.com/detail/link-grabber/caodelkhipncidmoebgbbeemedohcdma,chromewebstore.google.com,0.0,5.301032167130962,1.0,0.0,0.0,['popular'],[]
59,Unknown,google maps scraper api,chrome_store,https://chromewebstore.google.com/detail/simplescraper-%E2%80%94-a-fast-an/lnddbhdmiciimpkbilgpklcglkdegdkg,chromewebstore.google.com,0.0,4.77815848856469,1.0,0.0,0.0,['popular'],[]
60,Unknown,google maps scraper api,chrome_store,https://chromewebstore.google.com/detail/maps-scraper-leads-data-e/dahoicbehnalbeamhcpghhoelifghbma,chromewebstore.google.com,0.0,3.000434077479319,1.0,0.0,0.0,[],[]
61,Unknown,seo audit tools,chrome_store,https://chromewebstore.google.com/detail/seo-checker-tool-get-free/ljkhgacfcnhpfafpcdpaadgklajibdak,chromewebstore.google.com,0.0,4.000043427276863,1.0,0.0,0.0,[],[]
62,Unknown,seo audit tools,chrome_store,https://chromewebstore.google.com/detail/quick-click-website-audit/ibclohpehkoagiennackaiplhhkolfnm,chromewebstore.google.com,0.0,3.3012470886362113,1.0,0.0,0.0,[],[]
63,Unknown,seo audit tools,chrome_store,https://chromewebstore.google.com/detail/gmb-audit-local-seo-tool/iogidfihemjcepgbcaccmickojidjhlf,chromewebstore.google.com,0.0,3.602168551378997,1.0,0.0,0.0,[],[]
64,Unknown,seo audit tool free,chrome_store,https://chromewebstore.google.com/detail/free-seo-audit-tool/fkpanhjplldgpnfckakelodecbnbjckk,chromewebstore.google.com,0.0,0.6020599913279624,1.0,0.0,0.0,[],[]
65,Unknown,seo audit tools list,chrome_store,https://chromewebstore.google.com/detail/gmb-everywhere-gbp-audit/oibcaeeplepnjfjhokfcabnaafodppik,chromewebstore.google.com,0.0,5.301032167130962,1.0,0.0,0.0,['popular'],[]
66,Unknown,seo audit tools list,chrome_store,https://chromewebstore.google.com/detail/seo-auditor/pclikachjdgaabokjaffogihmhcllhek,chromewebstore.google.com,0.0,2.1789769472931693,1.0,0.0,0.0,[],[]
67,Unknown,seo audit tools list,chrome_store,https://chromewebstore.google.com/detail/seoquake/akdgnmcogleenhbclghghlkkdndkjdjc,chromewebstore.google.com,0.0,6.0000004342942646,1.0,0.0,0.0,['popular'],[]
68,Unknown,seo audit example,chrome_store,https://chromewebstore.google.com/detail/seo-analysis-website-revi/hlngmmdolgbdnnimbmblfhhndibdipaf,chromewebstore.google.com,0.0,5.301032167130962,1.0,0.0,0.0,['popular'],[]
69,Unknown,seo audit example,chrome_store,https://chromewebstore.google.com/detail/programmatic-seo-template/pfiinnbgblbnloopjdfdpjaacanjpojo,chromewebstore.google.com,0.0,2.0791812460476247,1.0,0.0,0.0,[],[]
70,Unknown,seo audit example,chrome_store,https://chromewebstore.google.com/detail/website-ranking-and-seo-c/npapojppkmfhefbokolngnomlgkkpcnc,chromewebstore.google.com,0.0,4.000043427276863,1.0,0.0,0.0,[],[]
71,Unknown,facebook ad library downloader,chrome_store,https://chromewebstore.google.com/detail/ad-library-downloader/gojmmkhaiojimnnjhhilmhjmhdbdagod,chromewebstore.google.com,0.0,4.301051709845226,1.0,0.0,0.0,['popular'],[]
72,Unknown,facebook ad library downloader,chrome_store,https://chromewebstore.google.com/detail/adlibnote-ad-library-down/niepmhdjjdggogblnljbdflekfohknmc,chromewebstore.google.com,0.0,4.698978690138799,1.0,0.0,0.0,['popular'],[]
73,Unknown,facebook ad library downloader,chrome_store,https://chromewebstore.google.com/detail/facebook-ad-library-downl/gmfpomcdajdegkfkbopipdcjnpcmbefh,chromewebstore.google.com,0.0,3.477265995424853,1.0,0.0,0.0,[],[]
74,Unknown,facebook ad library downloader - save ads,chrome_store,https://chromewebstore.google.com/detail/facebook-ad-library-insig/bmmbmlcnghehdpemfobefkmnahgdadbo,chromewebstore.google.com,0.0,3.3012470886362113,1.0,0.0,0.0,[],[]
75,Unknown,facebook ad library video downloader chrome extension,chrome_store,https://chromewebstore.google.com/detail/ad-library-cloud/mmehdbhpbgoegockemckbpjeoflflobc,chromewebstore.google.com,0.0,4.602070848554296,1.0,0.0,0.0,['popular'],[]
76,Unknown,google docs ai writer,chrome_store,https://chromewebstore.google.com/detail/contentbot-ai-writer/ehliocfmgnkdcgigclppnodpgkiodfco,chromewebstore.google.com,0.0,3.7782236267660965,1.0,0.0,0.0,[],[]
77,Unknown,google docs ai writer,chrome_store,https://chromewebstore.google.com/detail/voila-%E2%80%93-ai-assistant-copi/cakobppopkpmmglabcdcklncbckjpkcl,chromewebstore.google.com,0.0,4.903095415639038,1.0,0.0,0.0,['popular'],[]
78,Unknown,google docs ai writer,chrome_store,https://chromewebstore.google.com/detail/ai-chrome-extension-power/fedmdabgnkfghjplejeilojikdaopkpm,chromewebstore.google.com,0.0,4.000043427276863,1.0,0.0,0.0,[],[]
79,Unknown,google docs ai writer,chrome_store,https://chromewebstore.google.com/detail/merlin-ask-ai-to-research/camppjleccjaphfdbohjdohecfnoikec,chromewebstore.google.com,0.0,6.0000004342942646,1.0,0.0,0.0,['popular'],[]
80,Unknown,google docs ai writer,chrome_store,https://chromewebstore.google.com/detail/sider-chat-with-all-ai-gp/difoiogjjojoaoomphldepapgpbgkhkb,chromewebstore.google.com,0.0,6.698970091194907,1.0,0.0,0.0,['popular'],[]
81,Unknown,google docs ai writer,chrome_store,https://chromewebstore.google.com/detail/toneclone-ai-writer-in-yo/kcfldodgicipgcjbocfknpaloplfhmda,chromewebstore.google.com,0.0,1.041392685158225,1.0,0.0,0.0,[],[]
82,Unknown,google docs ai writer,chrome_store,https://chromewebstore.google.com/detail/free-ai-essay-generator-a/lnpeflilbcimmlbenlpphfbpmocmjpgk,chromewebstore.google.com,0.0,3.477265995424853,1.0,0.0,0.0,[],[]
83,Unknown,google docs ai writer,chrome_store,https://chromewebstore.google.com/detail/ai-detector-and-human-wri/kdngfaamkbbkdbemejnlkmjfpmndjdmb,chromewebstore.google.com,0.0,4.301051709845226,1.0,0.0,0.0,['popular'],[]
84,Unknown,google docs ai writer,chrome_store,https://chromewebstore.google.com/detail/google-meet-transcripts-a/cjakihmakleeghohchkmkalfoikdnadc,chromewebstore.google.com,0.0,4.000043427276863,1.0,0.0,0.0,[],[]
85,Unknown,google docs ai writer,chrome_store,https://chromewebstore.google.com/detail/ai-writing-assistant/efmdldmmhkakilebgiecmcafhojapill,chromewebstore.google.com,0.0,2.307496037913213,1.0,0.0,0.0,[],[]
86,Unknown,google docs ai writer free,chrome_store,https://chromewebstore.google.com/detail/ghost-writer-free/dkafampgighkehgckgbodlidipmjmppf,chromewebstore.google.com,0.0,2.3096301674258988,1.0,0.0,0.0,[],[]
87,Unknown,google docs ai writer free,chrome_store,https://chromewebstore.google.com/detail/ai-chatbot/npphdmcakmfhllhblkealgkeefamebih,chromewebstore.google.com,0.0,5.000004342923105,1.0,0.0,0.0,['popular'],[]
88,Unknown,google docs ai writer free,chrome_store,https://chromewebstore.google.com/detail/shakespeare-ai-toolbar-ai/olikhkphnfenjcgliidepgflkfdmondi,chromewebstore.google.com,0.0,3.000434077479319,1.0,0.0,0.0,[],[]
89,Unknown,google ai document writer,chrome_store,https://chromewebstore.google.com/detail/gptzero-ai-detection-writ/kgobeoibakoahbfnlficpmibdbkdchap,chromewebstore.google.com,0.0,5.60206107706281,1.0,0.0,0.0,['popular'],[]
90,Unknown,google ai document writer,chrome_store,https://chromewebstore.google.com/detail/deepl-translate-and-write/cofdbpoegempjloogbagkncekinflcnj,chromewebstore.google.com,0.0,6.6020600999015695,1.0,0.0,0.0,['popular'],[]
91,Unknown,google ai document writer,chrome_store,https://chromewebstore.google.com/detail/quillbot-ai-writing-and-g/iidnbdjijdkbmajdffnidomddglmieko,chromewebstore.google.com,0.0,6.698970091194907,1.0,0.0,0.0,['popular'],[]
92,Unknown,google ai document writer,chrome_store,https://chromewebstore.google.com/detail/ai-letter-generator/hgnjolbjpjmhepcbjgeeallnamkjnfgi,chromewebstore.google.com,0.0,2.1271047983648077,1.0,0.0,0.0,[],[]
93,Unknown,google ai document writer,chrome_store,https://chromewebstore.google.com/detail/dueyai-humanizer-auto-typ/ilamopeagajnekeaogejpdmffneankjf,chromewebstore.google.com,0.0,4.477135730961123,1.0,0.0,0.0,['popular'],[]
94,Unknown,google ai document writer,chrome_store,https://chromewebstore.google.com/detail/undetectable-ai-human-aut/jldjlnajbbkbmebhgfpcgghpbfpfakni,chromewebstore.google.com,0.0,4.000043427276863,1.0,0.0,0.0,[],[]
95,Unknown,google document ai example,chrome_store,https://chromewebstore.google.com/detail/ai-google-form-builder/kjglafdhoohlhlicoklkgjffiedneeem,chromewebstore.google.com,0.0,4.602070848554296,1.0,0.0,0.0,['popular'],[]
96,Unknown,google document ai example,chrome_store,https://chromewebstore.google.com/detail/scribe-ai-documentation-s/okfkdaglfjjjfefdcppliegebpoegaii,chromewebstore.google.com,0.0,6.0000004342942646,1.0,0.0,0.0,['popular'],[]
97,Unknown,google document ai example,chrome_store,https://chromewebstore.google.com/detail/formgoatai-%E2%80%93-ai-autofill/bfppichejcckhekcedhhlnjeahlnbkao,chromewebstore.google.com,0.0,2.5514499979728753,1.0,0.0,0.0,[],[]
98,Unknown,google document ai example,chrome_store,https://chromewebstore.google.com/detail/briefly-ai-meeting-summar/bjmgcelbpkgmofiogkmleblcmecflldk,chromewebstore.google.com,0.0,3.602168551378997,1.0,0.0,0.0,[],[]
99,Unknown,google document ai example,chrome_store,https://chromewebstore.google.com/detail/formix-ai/hhpgihahikeplfhhclckonipbdbdcgmo,chromewebstore.google.com,0.0,2.204119982655925,1.0,0.0,0.0,[],[]
100,Unknown,google document ai example,chrome_store,https://chromewebstore.google.com/detail/snapgrade-ai-visual-docum/kmefklainnkibhgnbmhngcoakihialni,chromewebstore.google.com,0.0,1.255272505103306,1.0,0.0,0.0,[],[]
101,Unknown,google document ai example,chrome_store,https://chromewebstore.google.com/detail/docfiller/goibiampjlgcdjdfakjepniopldpijcd,chromewebstore.google.com,0.0,2.525044807036845,1.0,0.0,0.0,[],[]
102,Unknown,google document ai example,chrome_store,https://chromewebstore.google.com/detail/taxbuzz-ai/opikndfepbbekgnhehdaaomhbiejgpkj,chromewebstore.google.com,0.0,2.041392685158225,1.0,0.0,0.0,[],[]
103,Unknown,google document ai cost,chrome_store,https://chromewebstore.google.com/detail/thought-bot-ai/molhiolkbndfjeokachagfmklnpoelag,chromewebstore.google.com,0.0,0.6989700043360189,1.0,0.0,0.0,[],[]
104,Unknown,google document ai cost,chrome_store,https://chromewebstore.google.com/detail/doc2prompt-pdf-to-chatgpt/ncehnommghjgggpiiofhdkgdpnodebng,chromewebstore.google.com,0.0,1.0791812460476249,1.0,0.0,0.0,[],[]
105,Unknown,google document ai cost,chrome_store,https://chromewebstore.google.com/detail/ai-contract-generator/kpccglocffnkkdfhppdikelpoblabijn,chromewebstore.google.com,0.0,1.7242758696007892,1.0,0.0,0.0,[],[]
106,Unknown,google document ai cost,chrome_store,https://chromewebstore.google.com/detail/ai-lawyer/hbnhlfogmljpempeohaclgkngdcghomn,chromewebstore.google.com,0.0,2.3541084391474008,1.0,0.0,0.0,[],[]
107,Unknown,google document ai cost,chrome_store,https://chromewebstore.google.com/detail/image-to-form-auto-filler/kkbeionamblgeamgjejcohakkpcmklgi,chromewebstore.google.com,0.0,1.0,1.0,0.0,0.0,[],[]
108,Unknown,google document ai cost,chrome_store,https://chromewebstore.google.com/detail/opentranscribe/longmnbeigmjpnghnkihdkeljbodlbef,chromewebstore.google.com,0.0,1.8808135922807914,1.0,0.0,0.0,[],[]
109,Unknown,google document ai cost,chrome_store,https://chromewebstore.google.com/detail/policy-threat-analyzer/enbhocgffaeppnikpcmkojaifhigknhi,chromewebstore.google.com,0.0,0.47712125471966244,1.0,0.0,0.0,[],[]
110,Unknown,google document ai cost,chrome_store,https://chromewebstore.google.com/detail/apex-learning-hack-assist/deepanfkojflalfajnkcnlhiejeomdgk,chromewebstore.google.com,0.0,3.477265995424853,1.0,0.0,0.0,[],[]
111,Unknown,google document ai cost,chrome_store,https://chromewebstore.google.com/detail/joblic/hcaaakegebekicmbkffmpmimibcboehh,chromewebstore.google.com,0.0,0.47712125471966244,1.0,0.0,0.0,[],[]
112,Unknown,how to use google docs for writing,chrome_store,https://chromewebstore.google.com/detail/google-docs-quick-write/cmieehnbepanbodfemngddghfbdijebf,chromewebstore.google.com,0.0,2.0,1.0,0.0,0.0,[],[]
113,Unknown,how to use google docs for writing,chrome_store,https://chromewebstore.google.com/detail/readwrite-for-google-chro/inoeonmfapjbbkmdafoankkfajkcphgd,chromewebstore.google.com,0.0,7.301030017378705,1.0,0.0,0.0,['popular'],[]
114,Unknown,how to use google docs for writing,chrome_store,https://chromewebstore.google.com/detail/revision-history-writing/dlepebghjlnddgihakmnpoiifjjpmomh,chromewebstore.google.com,0.0,5.301032167130962,1.0,0.0,0.0,['popular'],[]
115,Unknown,how to use google docs for writing,chrome_store,https://chromewebstore.google.com/detail/draftback/nnajoiemfpldioamchanognpjmocgkbg,chromewebstore.google.com,0.0,5.60206107706281,1.0,0.0,0.0,['popular'],[]
116,Unknown,how to use google docs for writing,chrome_store,https://chromewebstore.google.com/detail/dark-mode-google-docs/iabnclnclchijjckhdljmocghgmgnnii,chromewebstore.google.com,0.0,5.60206107706281,1.0,0.0,0.0,['popular'],[]
117,Unknown,how to use google docs for writing,chrome_store,https://chromewebstore.google.com/detail/process-feedback-for-goog/chcbikmmlhbbdkfiaaaljabpefdfajnb,chromewebstore.google.com,0.0,4.77815848856469,1.0,0.0,0.0,['popular'],[]
118,Unknown,how to use google docs for writing,chrome_store,https://chromewebstore.google.com/detail/google-docs-new/onjjpeonkbenaglclaageiidffmfemco,chromewebstore.google.com,0.0,3.699056854547668,1.0,0.0,0.0,[],[]
119,Unknown,how to use google docs for writing,chrome_store,https://chromewebstore.google.com/detail/auto-write/bpingmbcimfnmggbbbjpoajmgpjkeikj,chromewebstore.google.com,0.0,2.8095597146352675,1.0,0.0,0.0,[],[]
120,Unknown,how to use google docs for writing,chrome_store,https://chromewebstore.google.com/detail/writehuman-history-replay/bfaogmhmapcefhmkdablidkcgkgnhghl,chromewebstore.google.com,0.0,4.000043427276863,1.0,0.0,0.0,[],[]
121,Unknown,do writers use google docs,chrome_store,https://chromewebstore.google.com/detail/google-docs-splitview/mhekpeihiapfhjefakclpbmdofbmldcb,chromewebstore.google.com,0.0,4.000043427276863,1.0,0.0,0.0,[],[]
122,Unknown,do writers use google docs,chrome_store,https://chromewebstore.google.com/detail/grammarly-ai-writing-assi/kbfnbcaeplbcioakkpcpgfkobkghlhen,chromewebstore.google.com,0.0,7.633468465679458,1.0,0.0,0.0,['popular'],[]
123,Unknown,do writers use google docs,chrome_store,https://chromewebstore.google.com/detail/prowritingaid-grammar-che/npnbdojkgkbcdfdjlfdmplppdphlhhcf,chromewebstore.google.com,0.0,5.301032167130962,1.0,0.0,0.0,['popular'],[]
124,Unknown,do writers use google docs,chrome_store,https://chromewebstore.google.com/detail/writer-extension-clipper/ikfjgjdcechliibmcjnaoabbfjabbaoc,chromewebstore.google.com,0.0,4.95424733490676,1.0,0.0,0.0,['popular'],[]
125,Unknown,do writers use google docs,chrome_store,https://chromewebstore.google.com/detail/distraction-free-mode-%E2%80%94-g/blmejkgbnceohgjfnoiegdlbfkmpkeha,chromewebstore.google.com,0.0,4.000043427276863,1.0,0.0,0.0,[],[]
126,Unknown,do writers use google docs,chrome_store,https://chromewebstore.google.com/detail/writing-assistant/icfibfjidabjcklhikmodelmopjmghgj,chromewebstore.google.com,0.0,3.477265995424853,1.0,0.0,0.0,[],[]
127,Unknown,do writers use google docs,chrome_store,https://chromewebstore.google.com/detail/hyperwrite-ai-writing-ass/kljjoeapehcmaphfcjkmbhkinoaopdnd,chromewebstore.google.com,0.0,4.95424733490676,1.0,0.0,0.0,['popular'],[]
128,Unknown,is google docs safe for writing,chrome_store,https://chromewebstore.google.com/detail/jetbrains-grazie-writing/fonaoompfjljjllgccccgjnhnoghohgc,chromewebstore.google.com,0.0,4.000043427276863,1.0,0.0,0.0,[],[]
129,Unknown,is google docs safe for writing,chrome_store,https://chromewebstore.google.com/detail/monica-all-in-one-ai-assi/ofpnmcalabcbjgholdjcjblkibolbppb,chromewebstore.google.com,0.0,6.477121399484465,1.0,0.0,0.0,['popular'],[]
130,Unknown,linkedin recruiter chrome extension,chrome_store,https://chromewebstore.google.com/detail/email-finder-getprospect/bhbcbkonalnjkflmdkdodieehnmmeknp,chromewebstore.google.com,0.0,5.000004342923105,1.0,0.0,0.0,['popular'],[]
131,Unknown,linkedin recruiter chrome extension,chrome_store,https://chromewebstore.google.com/detail/x0pa-recruiter-extension/aeeccphegbhmemmjncggcjlieanbkcmg,chromewebstore.google.com,0.0,1.8750612633917,1.0,0.0,0.0,[],[]
132,Unknown,linkedin recruiter chrome extension,chrome_store,https://chromewebstore.google.com/detail/crm-integration-with-link/fpieanbcbflkkhljicblgbmndgblndgh,chromewebstore.google.com,0.0,2.7708520116421442,1.0,0.0,0.0,[],[]
133,Unknown,linkedin recruiter chrome extension,chrome_store,https://chromewebstore.google.com/detail/elitehunter-linkedin-auto/jkmfjdkjgpoeedfonffkjhfimpdpaade,chromewebstore.google.com,0.0,1.2041199826559248,1.0,0.0,0.0,[],[]
134,Unknown,linkedin recruiter chrome extension,chrome_store,https://chromewebstore.google.com/detail/outreachai/dflaihboigogikfpkgkoniicfoojcfbc,chromewebstore.google.com,0.0,2.5943925503754266,1.0,0.0,0.0,[],[]
135,Unknown,linkedin recruiter chrome extension,chrome_store,https://chromewebstore.google.com/detail/mogul-recruiter/peimgkadcinffebndofhpegopgdfgjda,chromewebstore.google.com,0.0,1.8512583487190752,1.0,0.0,0.0,[],[]
136,Unknown,linkedin recruiter chrome extension,chrome_store,https://chromewebstore.google.com/detail/resume-exporter-for-recru/pgmifkhefggmdhompkbibndokddhkimh,chromewebstore.google.com,0.0,2.9304395947667,1.0,0.0,0.0,[],[]
137,Unknown,linkedin recruiter chrome extension,chrome_store,https://chromewebstore.google.com/detail/careerflow-ai-job-applica/iadokddofjgcgjpjlfhngclhpmaelnli,chromewebstore.google.com,0.0,5.301032167130962,1.0,0.0,0.0,['popular'],[]
138,Unknown,linkedin recruiter chrome extension,chrome_store,https://chromewebstore.google.com/detail/jobreferai-linkedin-job-o/mmknngpolenffhdaocoeeigkfhinbgnh,chromewebstore.google.com,0.0,3.000434077479319,1.0,0.0,0.0,[],[]
139,Unknown,linkedin recruiter chrome extension,chrome_store,https://chromewebstore.google.com/detail/instresume-linkedin-revie/dbmgnjicbikhdlcaachlgpfgijlmdogh,chromewebstore.google.com,0.0,2.187520720836463,1.0,0.0,0.0,[],[]
140,Unknown,linkedin recruiter contact,chrome_store,https://chromewebstore.google.com/detail/incontact-contact-book-fo/bhhdblckjkgijhjajngmjdijpmhoeobp,chromewebstore.google.com,0.0,2.4653828514484184,1.0,0.0,0.0,[],[]
141,Unknown,linkedin recruiter contact,chrome_store,https://chromewebstore.google.com/detail/email-finder-by-contactou/jjdemeiffadmmjhkbbpglgnlgeafomjo,chromewebstore.google.com,0.0,5.698970872924114,1.0,0.0,0.0,['popular'],[]
142,Unknown,linkedin recruiter contact,chrome_store,https://chromewebstore.google.com/detail/pitchmeai-job-recruiter-e/gpaoonmjikbnoedbnnmihhichnjlojji,chromewebstore.google.com,0.0,3.3012470886362113,1.0,0.0,0.0,[],[]
143,Unknown,linkedin recruiter contact,chrome_store,https://chromewebstore.google.com/detail/capture-by-tracker/mlpgaajadjjmemccfnecpjmfflecjjad,chromewebstore.google.com,0.0,3.3012470886362113,1.0,0.0,0.0,[],[]
144,Unknown,linkedin recruiter contact,chrome_store,https://chromewebstore.google.com/detail/recruiter-accelerator/dcnpnkllnajifmpiggleoomlapoiinjf,chromewebstore.google.com,0.0,0.7781512503836436,1.0,0.0,0.0,[],[]
145,Unknown,linkedin recruiter contact,chrome_store,https://chromewebstore.google.com/detail/lead-management-crm/nfaddeeedeljipeikkinhddkonoebfgp,chromewebstore.google.com,0.0,1.4313637641589874,1.0,0.0,0.0,[],[]
146,Unknown,linkedin recruiter contact number,chrome_store,https://chromewebstore.google.com/detail/salesql-b2b-email-finder/lbdglhhdbgnknbdifhanfholehojlkgg,chromewebstore.google.com,0.0,5.000004342923105,1.0,0.0,0.0,['popular'],[]
147,Unknown,linkedin recruiter contact number,chrome_store,https://chromewebstore.google.com/detail/qodeworld-copilot-for-rec/hfcbppmifjfaobchcpmoeinjdfdpgonh,chromewebstore.google.com,0.0,1.7075701760979363,1.0,0.0,0.0,[],[]
148,Unknown,linkedin recruiter contact number,chrome_store,https://chromewebstore.google.com/detail/linkedin-saved-jobs-extra/hodgpgefgipbimcincapmgoiejjijbkf,chromewebstore.google.com,0.0,1.5185139398778875,1.0,0.0,0.0,[],[]
149,Unknown,linkedin recruiter contact number,chrome_store,https://chromewebstore.google.com/detail/linkedin-to-airtable/cnbfnjnfadkcidlmddmmhkbfbngephmk,chromewebstore.google.com,0.0,2.525044807036845,1.0,0.0,0.0,[],[]
150,Unknown,z real estate scraper chrome extension,chrome_store,https://chromewebstore.google.com/detail/z-real-estate-scraper-for/jdidjlghecfpaedabjinjfpdlcioeklo,chromewebstore.google.com,0.0,3.3012470886362113,1.0,0.0,0.0,[],[]
151,Unknown,z real estate scraper chrome extension,chrome_store,https://chromewebstore.google.com/detail/zillow-listings-scraper-z/gdbnkepefknkdhionjglgioohibnekmn,chromewebstore.google.com,0.0,1.041392685158225,1.0,0.0,0.0,[],[]
152,Unknown,real estate scraper chrome,chrome_store,https://chromewebstore.google.com/detail/real-estate-data-scraper/nlieamdebnjhijflpbkbaijnjpdpieoh,chromewebstore.google.com,0.0,3.3012470886362113,1.0,0.0,0.0,[],[]
153,Unknown,real estate scraper chrome,chrome_store,https://chromewebstore.google.com/detail/zillow-scraper-agent-prop/gjhcnbnbclgoiggjlghgnnckfmbfnhbb,chromewebstore.google.com,0.0,2.7403626894942437,1.0,0.0,0.0,[],[]
154,Unknown,real estate scraper chrome,chrome_store,https://chromewebstore.google.com/detail/real-estate-scraper-tool/njfokbkbbpciopkfephmmeagdfokenko,chromewebstore.google.com,0.0,1.6127838567197355,1.0,0.0,0.0,[],[]
155,Unknown,real estate scraper chrome,chrome_store,https://chromewebstore.google.com/detail/zillow-scraper-extract-ex/hgfcbomkghjeaglfogfijgfgljehibpl,chromewebstore.google.com,0.0,2.8750612633917,1.0,0.0,0.0,[],[]
156,Unknown,real estate scraper chrome,chrome_store,https://chromewebstore.google.com/detail/zillow-scraper/ndfgliofhogaipihfibmfpanaldoklbh,chromewebstore.google.com,0.0,2.399673721481038,1.0,0.0,0.0,[],[]
157,Unknown,real estate scraper chrome,chrome_store,https://chromewebstore.google.com/detail/zillow-scraper-agent-prop/mbpanoogbnehgacolcfmlddmpnljpbml,chromewebstore.google.com,0.0,1.8750612633917,1.0,0.0,0.0,[],[]
158,Unknown,real estate scraper chrome,chrome_store,https://chromewebstore.google.com/detail/zillow-scraper-lead-gener/djhnaibcpncgldkceiolopiafopnopbp,chromewebstore.google.com,0.0,2.278753600952829,1.0,0.0,0.0,[],[]
159,Unknown,real estate scraper chrome,chrome_store,https://chromewebstore.google.com/detail/listly-web-scraping/ihljmnfgkkmoikgkdkjejbkpdpbmcgeh,chromewebstore.google.com,0.0,5.000004342923105,1.0,0.0,0.0,['popular'],[]
160,Unknown,real estate scraper chrome,chrome_store,https://chromewebstore.google.com/detail/zillow-scraper-export-lea/hfcnkdlbllfagajomfddiaefmojfbama,chromewebstore.google.com,0.0,0.9030899869919435,1.0,0.0,0.0,[],[]
161,Unknown,upwork automated bidding,chrome_store,https://chromewebstore.google.com/detail/upwork-copilot-ai-proposa/ogkpippnjeanpefmaahcmokejkaeipjo,chromewebstore.google.com,0.0,3.477265995424853,1.0,0.0,0.0,[],[]
162,Unknown,upwork automated bidding,chrome_store,https://chromewebstore.google.com/detail/ai-upwork-auto-bid/ofojlmkgjmmdiegmbaoiaokoclpkmkgb,chromewebstore.google.com,0.0,0.9030899869919435,1.0,0.0,0.0,[],[]
163,Unknown,upwork automated bidding,chrome_store,https://chromewebstore.google.com/detail/ai-proposal-generator-for/conikchpaofeclhpkheikggfahgpcahc,chromewebstore.google.com,0.0,1.662757831681574,1.0,0.0,0.0,[],[]
164,Unknown,upwork automated bidding,chrome_store,https://chromewebstore.google.com/detail/bid-agent/dlojompjfplommagmoijaeiggemmigck,chromewebstore.google.com,0.0,1.1760912590556813,1.0,0.0,0.0,[],[]
165,Unknown,how to bid successfully on upwork,chrome_store,https://chromewebstore.google.com/detail/upwork-analytics/fgeaeaohhhilmhmnnhiakoejocajcnnf,chromewebstore.google.com,0.0,2.3483048630481607,1.0,0.0,0.0,[],[]
166,Unknown,how to bid successfully on upwork,chrome_store,https://chromewebstore.google.com/detail/upwork-goldmine-filter-wo/leclidplibnlhpncilpnfpnanfbhoaaa,chromewebstore.google.com,0.0,1.0,1.0,0.0,0.0,[],[]
167,Unknown,what is bidding in upwork,chrome_store,https://chromewebstore.google.com/detail/upwork-bidder-ai-coming-s/abobgdedegeclcbaaeddpbjflffpkdlo,chromewebstore.google.com,0.0,2.03342375548695,1.0,0.0,0.0,[],[]
168,Unknown,what is bidding in upwork,chrome_store,https://chromewebstore.google.com/detail/copalat-a-gpt-for-freelan/pegclbgggajipbeekkdgmpccojjcjedd,chromewebstore.google.com,0.0,3.000434077479319,1.0,0.0,0.0,[],[]
169,Unknown,what is bidding in upwork,chrome_store,https://chromewebstore.google.com/detail/upwork-alternative/bggfhgigoocopnabibkahmoheooobmfk,chromewebstore.google.com,0.0,0.7781512503836436,1.0,0.0,0.0,[],[]
170,Unknown,amazon product analysis extension,chrome_store,https://chromewebstore.google.com/detail/amazon-product-finder-amz/njopapoodmifmcogpingplfphojnfeea,chromewebstore.google.com,0.0,5.000004342923105,1.0,0.0,0.0,['popular'],[]
171,Unknown,amazon product analysis extension,chrome_store,https://chromewebstore.google.com/detail/sellersprite-amazon-resea/lnbmbgocenenhhhdojdielgnmeflbnfb,chromewebstore.google.com,0.0,5.60206107706281,1.0,0.0,0.0,['popular'],[]
172,Unknown,amazon product analysis extension,chrome_store,https://chromewebstore.google.com/detail/sellerapp-supercharge-you/lofbbfcpljahnhgncgommcbkckdbjdof,chromewebstore.google.com,0.0,4.477135730961123,1.0,0.0,0.0,['popular'],[]
173,Unknown,amazon product analysis extension,chrome_store,https://chromewebstore.google.com/detail/helium-10-for-amazon-sell/njmehopjdpcckochcggncklnlmikcbnb,chromewebstore.google.com,0.0,6.0000004342942646,1.0,0.0,0.0,['popular'],[]
174,Unknown,amazon product analysis extension,chrome_store,https://chromewebstore.google.com/detail/amazon-review-request-too/akaobgcedoikjgdlbecjejhdfhdmobph,chromewebstore.google.com,0.0,3.7782236267660965,1.0,0.0,0.0,[],[]
175,Unknown,amazon product analysis extension,chrome_store,https://chromewebstore.google.com/detail/jungle-scout/bckjlihkmgolmgkchbpiponapgjenaoa,chromewebstore.google.com,0.0,5.477122702365523,1.0,0.0,0.0,['popular'],[]
176,Unknown,amazon product analysis extension,chrome_store,https://chromewebstore.google.com/detail/seller-radar-amazon-produ/amdclkifgboiigijlnnmbgjcliakgchp,chromewebstore.google.com,0.0,2.8382192219076257,1.0,0.0,0.0,[],[]
177,Unknown,amazon product analysis extension,chrome_store,https://chromewebstore.google.com/detail/amazon-product-research-p/fdomdebhgmlgoogponlofhmecpbafoej,chromewebstore.google.com,0.0,2.075546961392531,1.0,0.0,0.0,[],[]
178,Unknown,amazon product analysis extension,chrome_store,https://chromewebstore.google.com/detail/ai-amazon-product-researc/cdmbeofnbhgdgnijieodggfmfpamfifg,chromewebstore.google.com,0.0,4.000043427276863,1.0,0.0,0.0,[],[]
179,Unknown,amazon seller analytics extension,chrome_store,https://chromewebstore.google.com/detail/azinsight-amazon-fba-prod/gefiflkplklbfkcjjcbobokclopbigfg,chromewebstore.google.com,0.0,4.477135730961123,1.0,0.0,0.0,['popular'],[]
180,Unknown,amazon seller analytics extension,chrome_store,https://chromewebstore.google.com/detail/selleramp-sas-amazon-fba/kidmffepbniamfbibhfgdakkggchipjl,chromewebstore.google.com,0.0,5.000004342923105,1.0,0.0,0.0,['popular'],[]
181,Unknown,amazon seller analytics extension,chrome_store,https://chromewebstore.google.com/detail/ds-amazon-quick-view/jkompbllimaoekaogchhkmkdogpkhojg,chromewebstore.google.com,0.0,5.7781519742071765,1.0,0.0,0.0,['popular'],[]
182,Unknown,amazon seller analytics extension,chrome_store,https://chromewebstore.google.com/detail/online-seller-addon/cmjihoeplpkmlmbbiiognkceoechmand,chromewebstore.google.com,0.0,4.95424733490676,1.0,0.0,0.0,['popular'],[]
183,Unknown,amazon seller analytics extension,chrome_store,https://chromewebstore.google.com/detail/databoss-amazon-analytics/benpeajocgmeimlhncgdeblffombmhfa,chromewebstore.google.com,0.0,2.469822015978163,1.0,0.0,0.0,[],[]
184,Unknown,google sheets automation tools,chrome_store,https://chromewebstore.google.com/detail/sheets-genie/jimbejfllgpmhahdeleeojfdinlpgllk,chromewebstore.google.com,0.0,2.561101383649056,1.0,0.0,0.0,[],[]
185,Unknown,google sheets automation tools,chrome_store,https://chromewebstore.google.com/detail/magical-text-expander-aut/iibninhmiggehlcdolcilmhacighjamp,chromewebstore.google.com,0.0,5.477122702365523,1.0,0.0,0.0,['popular'],[]
186,Unknown,google sheets automation tools,chrome_store,https://chromewebstore.google.com/detail/whatsapp-bulk-message-sen/empadgjgdchholinefgfdhcenflcicln,chromewebstore.google.com,0.0,2.2479732663618064,1.0,0.0,0.0,[],[]
187,Unknown,google sheets automation tools,chrome_store,https://chromewebstore.google.com/detail/taskade-ai-agents-chat-bo/hcobdfnjjaceclfdjpmmpiknimccjpmf,chromewebstore.google.com,0.0,4.77815848856469,1.0,0.0,0.0,['popular'],[]
188,Unknown,google sheets automation tools,chrome_store,https://chromewebstore.google.com/detail/hopted-amazon-e-commerce/hppngadaifclpeoiiigaeghmbfolemjk,chromewebstore.google.com,0.0,2.597695185925512,1.0,0.0,0.0,[],[]
189,Unknown,google sheets automation tools,chrome_store,https://chromewebstore.google.com/detail/finzy-linkedin-automation/ofcpdpgcagbdnainooineelmombklbhp,chromewebstore.google.com,0.0,2.2380461031287955,1.0,0.0,0.0,[],[]
190,Unknown,google sheets automation tools,chrome_store,https://chromewebstore.google.com/detail/sheet-buddy/bjkjnfmcdmpjgfbmjbdenmoclbiegmoc,chromewebstore.google.com,0.0,0.8450980400142568,1.0,0.0,0.0,[],[]
191,Unknown,google sheets automation tools,chrome_store,https://chromewebstore.google.com/detail/nocoding-data-scraper-eas/ojaffphbffmdaicdkahnmihipclmepok,chromewebstore.google.com,0.0,4.602070848554296,1.0,0.0,0.0,['popular'],[]
192,Unknown,form to google sheets automation tool,chrome_store,https://chromewebstore.google.com/detail/google-forms-auto-filler/jdjlkmjjmpdbmejkicfjokkgifdkpjek,chromewebstore.google.com,0.0,4.477135730961123,1.0,0.0,0.0,['popular'],[]
193,Unknown,form to google sheets automation tool,chrome_store,https://chromewebstore.google.com/detail/lightning-autofill/nlmmgnhgdeffjkdckmikfpnddkbbfkkk,chromewebstore.google.com,0.0,5.698970872924114,1.0,0.0,0.0,['popular'],[]
194,Unknown,form to google sheets automation tool,chrome_store,https://chromewebstore.google.com/detail/google-tasks/ehbmpdmbnminplejlpbgbkijnmheffec,chromewebstore.google.com,0.0,2.617000341120899,1.0,0.0,0.0,[],[]
195,Unknown,form to google sheets automation tool,chrome_store,https://chromewebstore.google.com/detail/whats2api-integrate-whats/nifnaghkkjbnghihjkbbcibndkhnlkdc,chromewebstore.google.com,0.0,2.7558748556724915,1.0,0.0,0.0,[],[]
196,Unknown,form to google sheets automation tool,chrome_store,https://chromewebstore.google.com/detail/templify-%E2%80%93-write-messages/fndgllkjbjkfnkjfcpnajbmgaedokmdo,chromewebstore.google.com,0.0,3.3012470886362113,1.0,0.0,0.0,[],[]
197,Unknown,form to google sheets automation tool,chrome_store,https://chromewebstore.google.com/detail/spiderking-ai-web-scraper/phgpndedflkchdgnihgfijppnfgelefa,chromewebstore.google.com,0.0,1.792391689498254,1.0,0.0,0.0,[],[]
198,Unknown,form to google sheets automation tool,chrome_store,https://chromewebstore.google.com/detail/all-in-one-context-menu-p/fnchfnmjbfobolkkmbikelajbceddcaf,chromewebstore.google.com,0.0,2.1492191126553797,1.0,0.0,0.0,[],[]
199,Unknown,form to google sheets automation tool,chrome_store,https://chromewebstore.google.com/detail/elements-extractor/paecedpobkmhmmdfahbogcgmbleciadj,chromewebstore.google.com,0.0,0.6020599913279624,1.0,0.0,0.0,[],[]
200,Unknown,how to automate google sheets,chrome_store,https://chromewebstore.google.com/detail/sheetgo-connect-filter-me/jopgcfpfajmdhngaldhlhpedjncpjmle,chromewebstore.google.com,0.0,4.000043427276863,1.0,0.0,0.0,[],[]
201,Unknown,how to automate google sheets,chrome_store,https://chromewebstore.google.com/detail/superjoin-ai-assistant-fo/ebjiaboijeoeckmpioggahflmlabfjom,chromewebstore.google.com,0.0,3.477265995424853,1.0,0.0,0.0,[],[]
202,Unknown,how to automate google sheets,chrome_store,https://chromewebstore.google.com/detail/octo-ai-data-analysis-aut/obloifdoiohdfcnimbahlphceecmjoci,chromewebstore.google.com,0.0,2.503790683057181,1.0,0.0,0.0,[],[]
203,Unknown,how to automate google sheets,chrome_store,https://chromewebstore.google.com/detail/harpa-ai-web-automation-w/eanggfilgoajaocelnaflolkadkeghjp,chromewebstore.google.com,0.0,5.60206107706281,1.0,0.0,0.0,['popular'],[]
204,Unknown,how to automate google sheets,chrome_store,https://chromewebstore.google.com/detail/axiom-browser-automation/cpgamigjcbffkaiciiepndmonbfdimbb,chromewebstore.google.com,0.0,5.000004342923105,1.0,0.0,0.0,['popular'],[]
205,Unknown,how to automate google sheets,chrome_store,https://chromewebstore.google.com/detail/browserflow-web-scraping/hfjnppljknigdnnpocjjgdcfmnodoafe,chromewebstore.google.com,0.0,4.301051709845226,1.0,0.0,0.0,['popular'],[]
206,Unknown,how to automate google sheets,chrome_store,https://chromewebstore.google.com/detail/goless-browser-automation/ghlmiigebgipgagnhlanjmmniefbfihl,chromewebstore.google.com,0.0,3.477265995424853,1.0,0.0,0.0,[],[]
207,Unknown,can google sheets use vba,chrome_store,https://chromewebstore.google.com/detail/excel-master-ai/edfkmdmdoiacnfgdgplfcepkgihfffem,chromewebstore.google.com,0.0,1.2041199826559248,1.0,0.0,0.0,[],[]
208,Unknown,how to use google script in sheets,chrome_store,https://chromewebstore.google.com/detail/google-apps-script-tools/iigobcdpmngdgiacebgenbccmdacnjhp,chromewebstore.google.com,0.0,4.602070848554296,1.0,0.0,0.0,['popular'],[]
209,Unknown,how to use google script in sheets,chrome_store,https://chromewebstore.google.com/detail/google-apps-script-copilo/aakmllddlcknkbcgjabmcgggfciofbgo,chromewebstore.google.com,0.0,4.000043427276863,1.0,0.0,0.0,[],[]
210,Unknown,how to use google script in sheets,chrome_store,https://chromewebstore.google.com/detail/google-apps-script-github/lfjcgcmkmjjlieihflfhjopckgpelofo,chromewebstore.google.com,0.0,4.477135730961123,1.0,0.0,0.0,['popular'],[]
211,Unknown,how to use google script in sheets,chrome_store,https://chromewebstore.google.com/detail/appsscript-color/ciggahcpieccaejjdpkllokejakhkome,chromewebstore.google.com,0.0,4.477135730961123,1.0,0.0,0.0,['popular'],[]
212,Unknown,how to use google script in sheets,chrome_store,https://chromewebstore.google.com/detail/dark-night-docs-sheets-sl/pmimaploeaigkkpcodclcfoeedegjmka,chromewebstore.google.com,0.0,2.785329835010767,1.0,0.0,0.0,[],[]
213,Unknown,how to use google script in sheets,chrome_store,https://chromewebstore.google.com/detail/no-script-suite-lite/ahnanjpbkghcdgmlchbcfoiefnifjeni,chromewebstore.google.com,0.0,4.000043427276863,1.0,0.0,0.0,[],[]
214,Unknown,how to use google script in sheets,chrome_store,https://chromewebstore.google.com/detail/nitrogas/najbgpipgacnhjcaabbhdaddlmebmopb,chromewebstore.google.com,0.0,2.0681858617461617,1.0,0.0,0.0,[],[]
215,Unknown,how to use google script in sheets,chrome_store,https://chromewebstore.google.com/detail/convert-xlsx-and-csv-to-g/icpanbomnggchalammgeffpeegjnmdic,chromewebstore.google.com,0.0,0.47712125471966244,1.0,0.0,0.0,[],[]
216,Unknown,how to use google script in sheets,chrome_store,https://chromewebstore.google.com/detail/pragmatic-ai-google-apps/oehfhmecefcenifckphdpppimfclnmlj,chromewebstore.google.com,0.0,1.8325089127062364,1.0,0.0,0.0,[],[]
217,Unknown,how to use google script in sheets,chrome_store,https://chromewebstore.google.com/detail/script-blocker-ultimate-n/onedokhafbakmhkblnokgjcliehfognj,chromewebstore.google.com,0.0,4.000043427276863,1.0,0.0,0.0,[],[]
218,Unknown,can you convert google sheets to excel,chrome_store,https://chromewebstore.google.com/detail/excel-to-google-sheets/ommpabojdlffhckbmnegilogojdoggmp,chromewebstore.google.com,0.0,3.602168551378997,1.0,0.0,0.0,[],[]
219,Unknown,can you convert google sheets to excel,chrome_store,https://chromewebstore.google.com/detail/convert-pdf-to-excel/bhaeffhiollngcgdhoepmdckmeadgnbk,chromewebstore.google.com,0.0,4.000043427276863,1.0,0.0,0.0,[],[]
220,Unknown,can you convert google sheets to excel,chrome_store,https://chromewebstore.google.com/detail/office-editing-for-docs-s/gbkeegbaiigmenfmjfclcdgdpimamgkj,chromewebstore.google.com,0.0,0.0,1.0,0.0,0.0,[],[]
221,Unknown,can you convert google sheets to excel,chrome_store,https://chromewebstore.google.com/detail/pdf-to-excel-converter/oaggnjdgcnhicninfnkheklcimlcmlom,chromewebstore.google.com,0.0,2.928907690243953,1.0,0.0,0.0,[],[]
222,Unknown,can you convert google sheets to excel,chrome_store,https://chromewebstore.google.com/detail/data-scraper-easy-web-scr/nndknepjnldbdbepjfgmncbggmopgden,chromewebstore.google.com,0.0,5.477122702365523,1.0,0.0,0.0,['popular'],[]
223,Unknown,can you convert google sheets to excel,chrome_store,https://chromewebstore.google.com/detail/tablesherpa-web-to-sheets/gkkoclipcambffgiijcjemfnhpknlenk,chromewebstore.google.com,0.0,2.4927603890268375,1.0,0.0,0.0,[],[]
224,Unknown,can you convert google sheets to excel,chrome_store,https://chromewebstore.google.com/detail/ai-excel-bot-chatgpt-exce/ehpdalbmeiockgpaikchiciodighaedg,chromewebstore.google.com,0.0,4.602070848554296,1.0,0.0,0.0,['popular'],[]
225,Unknown,can you convert google sheets to excel,chrome_store,https://chromewebstore.google.com/detail/pdf-to-excel/llkbobggnhmhacelceeomfifnjmopklm,chromewebstore.google.com,0.0,2.478566495593843,1.0,0.0,0.0,[],[]
226,Unknown,can you convert google sheets to excel,chrome_store,https://chromewebstore.google.com/detail/json-to-excel-converter/afgljgmhifnlchgemjmmemebnkhghfep,chromewebstore.google.com,0.0,1.6720978579357175,1.0,0.0,0.0,[],[]
227,Unknown,how to use google sheets to make a spreadsheet,chrome_store,https://chromewebstore.google.com/detail/add-to-sheets-save-to-goo/hgilhmbegaanegfbcppneigcmhgoinib,chromewebstore.google.com,0.0,3.602168551378997,1.0,0.0,0.0,[],[]
228,Unknown,how to use google sheets to make a spreadsheet,chrome_store,https://chromewebstore.google.com/detail/google-sheets-dark-mode/jolajcnbcjbfmlkccdppfjpbnlfgejpn,chromewebstore.google.com,0.0,4.477135730961123,1.0,0.0,0.0,['popular'],[]
229,Unknown,how to use google sheets to make a spreadsheet,chrome_store,https://chromewebstore.google.com/detail/table-capture-tabular-dat/bmmhahnhjkhgephgblidkpoidfkhchnk,chromewebstore.google.com,0.0,4.000043427276863,1.0,0.0,0.0,[],[]
230,Unknown,how to use google sheets to make a spreadsheet,chrome_store,https://chromewebstore.google.com/detail/templates-for-google-shee/cplfhghglmhnonmiadpnkdkjacihabja,chromewebstore.google.com,0.0,4.000043427276863,1.0,0.0,0.0,[],[]
231,Unknown,how to use google sheets to make a spreadsheet,chrome_store,https://chromewebstore.google.com/detail/export-emails-to-sheets-b/ibpbagbedfnlepijbnjeanihpoohkocm,chromewebstore.google.com,0.0,4.602070848554296,1.0,0.0,0.0,['popular'],[]
232,Unknown,how to use google sheets to make a spreadsheet,chrome_store,https://chromewebstore.google.com/detail/table-capture/iebpjdmgckacbodjpijphcplhebcmeop,chromewebstore.google.com,0.0,5.301032167130962,1.0,0.0,0.0,['popular'],[]
233,Unknown,how to use google sheets to make a spreadsheet,chrome_store,https://chromewebstore.google.com/detail/google-sheets-dark-mode/edffmjgbjnhkgfjbfkkojaaejamclpfk,chromewebstore.google.com,0.0,3.7782236267660965,1.0,0.0,0.0,[],[]
234,Unknown,how to use google sheets to make a spreadsheet,chrome_store,https://chromewebstore.google.com/detail/quick-spreadsheet/akcjblpfcnfknlafiedflockhcibkdcm,chromewebstore.google.com,0.0,3.000434077479319,1.0,0.0,0.0,[],[]
235,Unknown,how to use google sheets to make a spreadsheet,chrome_store,https://chromewebstore.google.com/detail/sheetsgpt-ai-google-sheet/gniilafaobndflnfkjofaecaapicnhhg,chromewebstore.google.com,0.0,4.000043427276863,1.0,0.0,0.0,[],[]
236,Unknown,how to use google sheets to make a spreadsheet,chrome_store,https://chromewebstore.google.com/detail/google-sheets-tabs-on-top/lbhlhhckfpdpafckdiklcbamkmogjdjc,chromewebstore.google.com,0.0,4.301051709845226,1.0,0.0,0.0,['popular'],[]
237,Unknown,youtube seo chrome extension,chrome_store,https://chromewebstore.google.com/detail/tubebuddy-for-youtube/mhkhmbddkmdggbhaaaodilponhnccicb,chromewebstore.google.com,0.0,6.0000004342942646,1.0,0.0,0.0,['popular'],[]
238,Unknown,youtube seo chrome extension,chrome_store,https://chromewebstore.google.com/detail/vidiq-vision-for-youtube/pachckjkecffpdphbpmfolblodfkgbhl,chromewebstore.google.com,0.0,6.477121399484465,1.0,0.0,0.0,['popular'],[]
239,Unknown,youtube seo chrome extension,chrome_store,https://chromewebstore.google.com/detail/keywords-everywhere-keywo/hbapdpeemoojbophdfndmlgdhppljgmp,chromewebstore.google.com,0.0,6.0000004342942646,1.0,0.0,0.0,['popular'],[]
240,Unknown,youtube seo chrome extension,chrome_store,https://chromewebstore.google.com/detail/ubersuggest-seo-and-keywo/nmpgaoofmjlimabncmnmnopjabbflegf,chromewebstore.google.com,0.0,5.845098660434502,1.0,0.0,0.0,['popular'],[]
241,Unknown,youtube seo chrome extension,chrome_store,https://chromewebstore.google.com/detail/seo-checker/hfhfhmjmahcmfnpoheijkhhlicgjabmk,chromewebstore.google.com,0.0,3.699056854547668,1.0,0.0,0.0,[],[]
242,Unknown,youtube seo chrome extension,chrome_store,https://chromewebstore.google.com/detail/vidai/hphfliggkgombflhagnibkclkllpbkpk,chromewebstore.google.com,0.0,3.8451600776519457,1.0,0.0,0.0,[],[]
243,Unknown,youtube seo chrome extension,chrome_store,https://chromewebstore.google.com/detail/veefly-youtube-chrome-ext/igmmoahkolhlpcfjeijbbbmecpbkllkp,chromewebstore.google.com,0.0,1.8750612633917,1.0,0.0,0.0,[],[]
244,Unknown,youtube seo chrome extension,chrome_store,https://chromewebstore.google.com/detail/show-youtube-video-tags-a/jlimlbghmhifobdaampfgllomdldpmeg,chromewebstore.google.com,0.0,2.8382192219076257,1.0,0.0,0.0,[],[]
245,Unknown,youtube seo chrome extension,chrome_store,https://chromewebstore.google.com/detail/lumetrics-youtube-seo-rea/injmglapifjegojjdojaphjgodbbkdmb,chromewebstore.google.com,0.0,1.041392685158225,1.0,0.0,0.0,[],[]
246,Unknown,youtube seo chrome extension,chrome_store,https://chromewebstore.google.com/detail/ai-youtube-seo-assistant/nlkjohhmcbdcgdkpelgkecifipaofppl,chromewebstore.google.com,0.0,0.0,1.0,0.0,0.0,[],[]
247,Unknown,youtube seo tool chrome extension,chrome_store,https://chromewebstore.google.com/detail/get-youtube-tags/oghechgciofkpklmdhjoeaafejnmgppa,chromewebstore.google.com,0.0,2.9609461957338317,1.0,0.0,0.0,[],[]
248,Unknown,youtube seo tool chrome extension,chrome_store,https://chromewebstore.google.com/detail/tubenxt-for-youtube/meaieklbnkpcmaafcphibnlmpfapbjpg,chromewebstore.google.com,0.0,2.9867717342662448,1.0,0.0,0.0,[],[]
249,Unknown,youtube seo tool chrome extension,chrome_store,https://chromewebstore.google.com/detail/tubeoptimize-pro/ngokobidghmangbbpaelkfecpjjlbkgl,chromewebstore.google.com,0.0,1.462397997898956,1.0,0.0,0.0,[],[]
250,Unknown,youtube seo tool chrome extension,chrome_store,https://chromewebstore.google.com/detail/keyword-planner-get-volum/nglpmnggbdgdkeplmhdjleioggagkhgc,chromewebstore.google.com,0.0,3.3012470886362113,1.0,0.0,0.0,[],[]
251,Unknown,youtube seo tool chrome extension,chrome_store,https://chromewebstore.google.com/detail/viewgin-eye-youtube-tikto/cdnimgollfgcehacjeaahljajlgdldie,chromewebstore.google.com,0.0,2.4533183400470375,1.0,0.0,0.0,[],[]
252,Unknown,youtube seo tool chrome extension,chrome_store,https://chromewebstore.google.com/detail/free-youtube-keywords-tag/lphciodaebdfbdpdkhngagehmdpijpnp,chromewebstore.google.com,0.0,1.0791812460476249,1.0,0.0,0.0,[],[]
253,Unknown,youtube video seo extension chrome,chrome_store,https://chromewebstore.google.com/detail/youtube-to-text/apnedodbofogffiagpekmbeflilkcbgf,chromewebstore.google.com,0.0,5.301032167130962,1.0,0.0,0.0,['popular'],[]
254,Unknown,youtube video seo extension chrome,chrome_store,https://chromewebstore.google.com/detail/youtube-analyzer/oefncahpjhmbhahohenajofmeleahjen,chromewebstore.google.com,0.0,2.7701152947871015,1.0,0.0,0.0,[],[]
255,Unknown,youtube video seo extension chrome,chrome_store,https://chromewebstore.google.com/detail/digispot-ai-seo-insights/njjbmbinhpipcdocojjniahjgdoljohg,chromewebstore.google.com,0.0,2.6646419755561257,1.0,0.0,0.0,[],[]
256,Unknown,youtube seo best practices,chrome_store,https://chromewebstore.google.com/detail/free-ai-youtube-video-tit/holfnplikookkjkmdjodchnobhknkhmj,chromewebstore.google.com,0.0,2.888179493918325,1.0,0.0,0.0,[],[]
257,Unknown,youtube seo best practices,chrome_store,https://chromewebstore.google.com/detail/youtube-tagger/clobnhgmllpgmoinblefdhhajjfccmip,chromewebstore.google.com,0.0,1.806179973983887,1.0,0.0,0.0,[],[]
258,Unknown,youtube seo best practices,chrome_store,https://chromewebstore.google.com/detail/free-ai-tag-generator-for/oojmepkmiepcfpkkcjlhacagadhencdk,chromewebstore.google.com,0.0,2.6053050461411096,1.0,0.0,0.0,[],[]
259,Unknown,youtube seo best practices,chrome_store,https://chromewebstore.google.com/detail/ai-search-engine-optimiza/gojpceecidcihnceohabpajddgjleaak,chromewebstore.google.com,0.0,1.6532125137753437,1.0,0.0,0.0,[],[]
260,Unknown,youtube seo settings,chrome_store,https://chromewebstore.google.com/detail/youtube-chapters-timeskip/pedofdgoinfflbafjdldggkjcjafpalb,chromewebstore.google.com,0.0,3.000434077479319,1.0,0.0,0.0,[],[]
261,Unknown,youtube seo settings,chrome_store,https://chromewebstore.google.com/detail/youtube-description-gener/mgbmaphlmdndiochenldhaibaebpicih,chromewebstore.google.com,0.0,1.806179973983887,1.0,0.0,0.0,[],[]
262,Unknown,youtube seo settings,chrome_store,https://chromewebstore.google.com/detail/youtube-brainrot-blocker/mlepgckpannljbjbjndnnigckogkjblk,chromewebstore.google.com,0.0,2.0086001717619175,1.0,0.0,0.0,[],[]
263,Unknown,youtube seo settings,chrome_store,https://chromewebstore.google.com/detail/tubeflow-optimizer/ncnjefjolnnibkcjniaglbllhgiooncd,chromewebstore.google.com,0.0,0.0,1.0,0.0,0.0,[],[]
264,Unknown,youtube seo settings,chrome_store,https://chromewebstore.google.com/detail/tubespanner/bbnicfgabflhomlfeehgadmijdfiaaii,chromewebstore.google.com,0.0,2.9628426812012423,1.0,0.0,0.0,[],[]
265,Unknown,youtube seo settings,chrome_store,https://chromewebstore.google.com/detail/subtitles-for-youtube-by/kppjkkmennnoomefnpgnjcnagjmomgbo,chromewebstore.google.com,0.0,2.2174839442139063,1.0,0.0,0.0,[],[]
266,Unknown,youtube seo ranking,chrome_store,https://chromewebstore.google.com/detail/rankpro/bmendnndheldajgfdnkngepjacfljdoi,chromewebstore.google.com,0.0,0.6989700043360189,1.0,0.0,0.0,[],[]
267,Unknown,youtube seo ranking,chrome_store,https://chromewebstore.google.com/detail/youtube-tag-generator/gjobfohmhobaaghinlpdpcboojaocamp,chromewebstore.google.com,0.0,2.424881636631067,1.0,0.0,0.0,[],[]
268,Unknown,youtube seo ranking,chrome_store,https://chromewebstore.google.com/detail/serp-analyzer-pro-google/pnachhklfkmlcjconccoggdocfcifdbn,chromewebstore.google.com,0.0,2.322219294733919,1.0,0.0,0.0,[],[]
269,Unknown,youtube seo ranking,chrome_store,https://chromewebstore.google.com/detail/universal-keyword-planner/niaagjifaifoebkdkkndbhdoamicolmj,chromewebstore.google.com,0.0,3.699056854547668,1.0,0.0,0.0,[],[]
270,Unknown,youtube seo ranking,chrome_store,https://chromewebstore.google.com/detail/youtube-video-to-blog-con/phnjkojaibknjfdknapomgdjkehgehpk,chromewebstore.google.com,0.0,1.8195439355418688,1.0,0.0,0.0,[],[]
271,Unknown,youtube seo ranking,chrome_store,https://chromewebstore.google.com/detail/saydub-youtube-summary-wi/knhjgdkddmnomebnjnmcbioloeojhadc,chromewebstore.google.com,0.0,2.416640507338281,1.0,0.0,0.0,[],[]
272,Unknown,youtube seo ranking,chrome_store,https://chromewebstore.google.com/detail/chapterfast-youtube-chapt/knjgnhdmbanlcgacjhphjmnbpjfekimb,chromewebstore.google.com,0.0,0.8450980400142568,1.0,0.0,0.0,[],[]
273,Unknown,youtube seo score,chrome_store,https://chromewebstore.google.com/detail/seenyt-youtube-seo-ai-gro/ajjimohhpmkhgagldoegomjobgpkffdc,chromewebstore.google.com,0.0,2.4955443375464483,1.0,0.0,0.0,[],[]
274,Unknown,youtube seo score,chrome_store,https://chromewebstore.google.com/detail/zbee-seo-analyzer-for-you/lgddmmhnmkmkfhaodogcoecdecegemgk,chromewebstore.google.com,0.0,0.9030899869919435,1.0,0.0,0.0,[],[]
275,Unknown,email template chrome extension,chrome_store,https://chromewebstore.google.com/detail/gmail-email-templates-by/llccdnmbipddnkhmldacpcjjcnljpoij,chromewebstore.google.com,0.0,5.301032167130962,1.0,0.0,0.0,['popular'],[]
276,Unknown,email template chrome extension,chrome_store,https://chromewebstore.google.com/detail/briskine-email-templates/lmcngpkjkplipamgflhioabnhnopeabf,chromewebstore.google.com,0.0,5.000004342923105,1.0,0.0,0.0,['popular'],[]
277,Unknown,email template chrome extension,chrome_store,https://chromewebstore.google.com/detail/save-email-template-by-se/abokklkondgpdlcajcjiobegghjfccih,chromewebstore.google.com,0.0,3.7782236267660965,1.0,0.0,0.0,[],[]
278,Unknown,email template chrome extension,chrome_store,https://chromewebstore.google.com/detail/shared-email-templates-si/kkajpjibkjkiminiilbodneoamodbhin,chromewebstore.google.com,0.0,2.9122220565324155,1.0,0.0,0.0,[],[]
279,Unknown,email template chrome extension,chrome_store,https://chromewebstore.google.com/detail/outlook-email-templates-b/llhlhokgnabmiikbjdgjblajbbbenemj,chromewebstore.google.com,0.0,3.602168551378997,1.0,0.0,0.0,[],[]
280,Unknown,email template chrome extension,chrome_store,https://chromewebstore.google.com/detail/mailchimp-templates-for-g/mmjgchjpejidmgmemdpemiojmblddmfb,chromewebstore.google.com,0.0,4.000043427276863,1.0,0.0,0.0,[],[]
281,Unknown,email template chrome extension,chrome_store,https://chromewebstore.google.com/detail/hubspot-templates-for-gma/bpamdngaencblehpekanhchfaejgimln,chromewebstore.google.com,0.0,3.3012470886362113,1.0,0.0,0.0,[],[]
282,Unknown,email template chrome extension,chrome_store,https://chromewebstore.google.com/detail/insert-and-send-html-with/bcflbfdlpegakpncdgmejelcolhmfkjh,chromewebstore.google.com,0.0,4.477135730961123,1.0,0.0,0.0,['popular'],[]
283,Unknown,email template chrome extension,chrome_store,https://chromewebstore.google.com/detail/gmail-ai-email-assistant/loclkojldkjladfhbngilnhbeffbkgdm,chromewebstore.google.com,0.0,4.698978690138799,1.0,0.0,0.0,['popular'],[]
284,Unknown,email template chrome extension,chrome_store,https://chromewebstore.google.com/detail/email-template-checker-wa/oelldnebggajjfacfajacfbkeekeakip,chromewebstore.google.com,0.0,2.4756711883244296,1.0,0.0,0.0,[],[]
285,Unknown,email outreach examples,chrome_store,https://chromewebstore.google.com/detail/document-templates-email/hjhbekooienbklcbaoliaojklgbllelo,chromewebstore.google.com,0.0,2.6711728427150834,1.0,0.0,0.0,[],[]
286,Unknown,email outreach examples,chrome_store,https://chromewebstore.google.com/detail/email-extractor-by-emailv/fplaepdipjjpkngejlakmcjkokghhndj,chromewebstore.google.com,0.0,0.9542425094393249,1.0,0.0,0.0,[],[]
287,Unknown,email outreach examples,chrome_store,https://chromewebstore.google.com/detail/email-scraper/hilmcammjfaggcikhnfoapeecffdacnh,chromewebstore.google.com,0.0,2.3654879848909,1.0,0.0,0.0,[],[]
288,Unknown,email outreach examples,chrome_store,https://chromewebstore.google.com/detail/xtractmail-email-finder-e/miodilbjeadhmalkdjgihlmdemjckhok,chromewebstore.google.com,0.0,2.2528530309798933,1.0,0.0,0.0,[],[]
289,Unknown,email outreach examples,chrome_store,https://chromewebstore.google.com/detail/ai-email-generator/lmhhgiffhomodcmhfdaglibbmbibahjn,chromewebstore.google.com,0.0,1.4471580313422192,1.0,0.0,0.0,[],[]
290,Unknown,email outreach examples,chrome_store,https://chromewebstore.google.com/detail/emailgo-email-extractor/pjbgfbjneobeegfkbamnflnbknkfmbba,chromewebstore.google.com,0.0,1.1760912590556813,1.0,0.0,0.0,[],[]
291,Unknown,email outreach examples,chrome_store,https://chromewebstore.google.com/detail/youtube-email-finder/njgpamepkljollkepnbfcmhfniaflijh,chromewebstore.google.com,0.0,2.9479236198317262,1.0,0.0,0.0,[],[]
292,Unknown,email outreach examples,chrome_store,https://chromewebstore.google.com/detail/leadiq-contact-data-in-on/befngoippmpmobkkpkdoblkmofpjihnk,chromewebstore.google.com,0.0,4.602070848554296,1.0,0.0,0.0,['popular'],[]
293,Unknown,email outreach examples,chrome_store,https://chromewebstore.google.com/detail/blocknotes/ebgmaljihmfbplmknjehheecopadefea,chromewebstore.google.com,0.0,1.255272505103306,1.0,0.0,0.0,[],[]
294,Unknown,email outreach examples,chrome_store,https://chromewebstore.google.com/detail/send-mass-mail-+-html-ins/obngoldljmnnpggbekneikaohbeflbee,chromewebstore.google.com,0.0,3.9031442704095385,1.0,0.0,0.0,[],[]
295,Unknown,how to write an outreach email,chrome_store,https://chromewebstore.google.com/detail/ghostwrite-chatgpt-email/fbjnnjochaopepfjpngghafgnafebkjh,chromewebstore.google.com,0.0,4.477135730961123,1.0,0.0,0.0,['popular'],[]
296,Unknown,how to write an outreach email,chrome_store,https://chromewebstore.google.com/detail/rightinbox-email-reminder/mflnemhkomgploogccdmcloekbloobgb,chromewebstore.google.com,0.0,5.000004342923105,1.0,0.0,0.0,['popular'],[]
297,Unknown,how to write an outreach email,chrome_store,https://chromewebstore.google.com/detail/email-writing-ai/jafhgiihbfojnaenimepogbbijojmcgk,chromewebstore.google.com,0.0,1.3222192947339193,1.0,0.0,0.0,[],[]
298,Unknown,how to write an outreach email,chrome_store,https://chromewebstore.google.com/detail/kooni-ai-instantly-polish/albhobeoepneiobdgabalgkflnaknkja,chromewebstore.google.com,0.0,2.639486489268586,1.0,0.0,0.0,[],[]
299,Unknown,how to write an outreach email,chrome_store,https://chromewebstore.google.com/detail/seprex-ai-email-assistant/dbmjdakkdaodljnnepmpmjmfhondnnja,chromewebstore.google.com,0.0,0.0,1.0,0.0,0.0,[],[]
300,Unknown,how to write an outreach email,chrome_store,https://chromewebstore.google.com/detail/snoooz-ai-email-writer/ijdkhkfhndcohdmpogkjenlmjpeophlg,chromewebstore.google.com,0.0,3.000434077479319,1.0,0.0,0.0,[],[]
301,Unknown,how to write an outreach email,chrome_store,https://chromewebstore.google.com/detail/official-ai-email-writer/pjbjfemelemehcajkcjihfagbmjicaii,chromewebstore.google.com,0.0,2.595496221825574,1.0,0.0,0.0,[],[]
302,Unknown,how to write an outreach email,chrome_store,https://chromewebstore.google.com/detail/chatgpt-for-gmail-by-clou/fcblgiphlneejkokhnaagmjombnfdnog,chromewebstore.google.com,0.0,4.477135730961123,1.0,0.0,0.0,['popular'],[]
303,Unknown,how to write an outreach email,chrome_store,https://chromewebstore.google.com/detail/email-draft-accelerator/gekhjogflifbelhfnhgogmmgdomhbfaj,chromewebstore.google.com,0.0,0.6020599913279624,1.0,0.0,0.0,[],[]
304,Unknown,email outreach chrome extension,chrome_store,https://chromewebstore.google.com/detail/findy-email-search-and-ou/amcdijdgmckgkkahhcobikllddfbfidi,chromewebstore.google.com,0.0,4.000043427276863,1.0,0.0,0.0,[],[]
305,Unknown,email outreach chrome extension,chrome_store,https://chromewebstore.google.com/detail/email-search-and-outreach/kljfdjngbjfhkfbmcjamofaipcmkbdmb,chromewebstore.google.com,0.0,2.4927603890268375,1.0,0.0,0.0,[],[]
306,Unknown,email outreach chrome extension,chrome_store,https://chromewebstore.google.com/detail/klenty-email-outreach-tra/dcobodbibhecmhnamioljhlnaeoimbcd,chromewebstore.google.com,0.0,3.000434077479319,1.0,0.0,0.0,[],[]
307,Unknown,email outreach chrome extension,chrome_store,https://chromewebstore.google.com/detail/linkedin-email-finder-int/nbmmhcmajjdfjobnmgnkbdhfpnbhpkef,chromewebstore.google.com,0.0,3.602168551378997,1.0,0.0,0.0,[],[]
308,Unknown,email outreach chrome extension,chrome_store,https://chromewebstore.google.com/detail/gmass-powerful-mail-merge/ehomdgjhgmbidokdgicgmdiedadncbgf,chromewebstore.google.com,0.0,5.60206107706281,1.0,0.0,0.0,['popular'],[]
309,Unknown,email outreach chrome extension,chrome_store,https://chromewebstore.google.com/detail/github-email-outreach-ass/akhgdlofbofpfljgkjnecaebaephkmif,chromewebstore.google.com,0.0,1.041392685158225,1.0,0.0,0.0,[],[]
310,Unknown,email outreach chrome extension,chrome_store,https://chromewebstore.google.com/detail/sendr-hyper-personalized/canglcahejooelklghilekmaahpbmlpk,chromewebstore.google.com,0.0,3.000434077479319,1.0,0.0,0.0,[],[]
311,Unknown,recruiter sourcing tools,chrome_store,https://chromewebstore.google.com/detail/free-sourcing-tools/cecfglplkbiojemjbklimdhcmdhffanj,chromewebstore.google.com,0.0,2.416640507338281,1.0,0.0,0.0,[],[]
312,Unknown,recruiter sourcing tools,chrome_store,https://chromewebstore.google.com/detail/email-finder-kendo-sourci/kecadfolelkekbfmmfoifpfalfedeljo,chromewebstore.google.com,0.0,4.698978690138799,1.0,0.0,0.0,['popular'],[]
313,Unknown,recruiter sourcing tools,chrome_store,https://chromewebstore.google.com/detail/pcr-capture/dfgdlkjpipgemdjaggbaponjifbnekhj,chromewebstore.google.com,0.0,3.602168551378997,1.0,0.0,0.0,[],[]
314,Unknown,recruiter sourcing tools,chrome_store,https://chromewebstore.google.com/detail/talentquery-boolean-searc/ldeejhjgppijilcmhflmnfhcbledpibm,chromewebstore.google.com,0.0,1.1760912590556813,1.0,0.0,0.0,[],[]
315,Unknown,recruiter sourcing tools,chrome_store,https://chromewebstore.google.com/detail/domino-tabs-social-profil/domodgijdpcgohgmjghancdkhionelmm,chromewebstore.google.com,0.0,1.99563519459755,1.0,0.0,0.0,[],[]
316,Unknown,candidate sourcing tools,chrome_store,https://chromewebstore.google.com/detail/docgptai-linkedin-automat/pgkcgodejfmhedclkalhoogidgiokhge,chromewebstore.google.com,0.0,2.399673721481038,1.0,0.0,0.0,[],[]
317,Unknown,candidate sourcing tools,chrome_store,https://chromewebstore.google.com/detail/connect-linkedin-jobs-wit/nodgehkojgdaecibodnchekogjhfhlbl,chromewebstore.google.com,0.0,1.505149978319906,1.0,0.0,0.0,[],[]
318,Unknown,candidate sourcing tools,chrome_store,https://chromewebstore.google.com/detail/rival/nogdppkjhdnlpkbbdbgpmekmbfpkkogb,chromewebstore.google.com,0.0,3.000434077479319,1.0,0.0,0.0,[],[]
319,Unknown,candidate sourcing tools,chrome_store,https://chromewebstore.google.com/detail/clinch-sourcing-companion/jnhiobijbfkpiciacdfodolmkggdbegi,chromewebstore.google.com,0.0,1.5563025007672873,1.0,0.0,0.0,[],[]
320,Unknown,candidate sourcing tools,chrome_store,https://chromewebstore.google.com/detail/job-description/lflebomkebbacnippaaoofjbkhajiloe,chromewebstore.google.com,0.0,2.45178643552429,1.0,0.0,0.0,[],[]
321,Unknown,candidate sourcing tools,chrome_store,https://chromewebstore.google.com/detail/profile-enhancer-pro/ahjbffbpifndaagokhldcaalpegbhpkd,chromewebstore.google.com,0.0,0.6020599913279624,1.0,0.0,0.0,[],[]
322,Unknown,candidate sourcing tools,chrome_store,https://chromewebstore.google.com/detail/talenai/bkbkldeidmhgccmmoenfmledeicehknd,chromewebstore.google.com,0.0,0.9030899869919435,1.0,0.0,0.0,[],[]
323,Unknown,talent sourcing tools,chrome_store,https://chromewebstore.google.com/detail/ultimatesourcer-byss/eadohlgmphfcfjikjibhoalkmcomgigd,chromewebstore.google.com,0.0,1.1139433523068367,1.0,0.0,0.0,[],[]
324,Unknown,talent sourcing tools,chrome_store,https://chromewebstore.google.com/detail/hiroo/pnelhidginfmcljddkhflacemmcebpmk,chromewebstore.google.com,0.0,1.2041199826559248,1.0,0.0,0.0,[],[]
325,Unknown,talent sourcing tools,chrome_store,https://chromewebstore.google.com/detail/iris/lmemhohjmchkklapmmnleokfnflllhpo,chromewebstore.google.com,0.0,2.61066016308988,1.0,0.0,0.0,[],[]
326,Unknown,talent sourcing tools,chrome_store,https://chromewebstore.google.com/detail/flinkk-hire-linkedin/pfbnjfnahbilmheeccnpjfhhjcnakbje,chromewebstore.google.com,0.0,2.305351369446624,1.0,0.0,0.0,[],[]
327,Unknown,candidate sourcing tools free,chrome_store,https://chromewebstore.google.com/detail/recruit-crm-sourcing-exte/pabamgafdnanldcgdhpfohfdpjjbekom,chromewebstore.google.com,0.0,4.000043427276863,1.0,0.0,0.0,[],[]
328,Unknown,candidate sourcing tools free,chrome_store,https://chromewebstore.google.com/detail/peakai-free-instant-b2b-p/jndeeioopbcflpclpfnflmekcddknoph,chromewebstore.google.com,0.0,2.8000293592441343,1.0,0.0,0.0,[],[]
329,Unknown,candidate sourcing tools free,chrome_store,https://chromewebstore.google.com/detail/cats-extension/elhkfmcodhgaoodhemkeempcihlcbpia,chromewebstore.google.com,0.0,3.477265995424853,1.0,0.0,0.0,[],[]
330,Unknown,candidate sourcing tools free,chrome_store,https://chromewebstore.google.com/detail/profilespider-ai-profile/kflfkaepmkjnimnegemkpckkhplodhaf,chromewebstore.google.com,0.0,2.322219294733919,1.0,0.0,0.0,[],[]
331,Unknown,top recruiting sourcing tools,chrome_store,https://chromewebstore.google.com/detail/copygoat-text-templates-s/hnnlhgcljcbgkebncpijgeaokpkohhph,chromewebstore.google.com,0.0,0.8450980400142568,1.0,0.0,0.0,[],[]
332,Unknown,what is a sourcing recruiter,chrome_store,https://chromewebstore.google.com/detail/recruiterflow/gdlphfgigkboncdlkjcamelidhkcgpie,chromewebstore.google.com,0.0,3.7782236267660965,1.0,0.0,0.0,[],[]
333,Unknown,what is a sourcing recruiter,chrome_store,https://chromewebstore.google.com/detail/nixz-plugin-ai-recruiting/aielpkmgjjaddochapclgdhakecjloih,chromewebstore.google.com,0.0,3.8451600776519457,1.0,0.0,0.0,[],[]
334,Unknown,what is a sourcing recruiter,chrome_store,https://chromewebstore.google.com/detail/upnest-sourcing/colmnmimcjhdkgmjmoacagpmpfbkhofg,chromewebstore.google.com,0.0,1.591064607026499,1.0,0.0,0.0,[],[]
335,Unknown,what is a sourcing recruiter,chrome_store,https://chromewebstore.google.com/detail/skimit-linkedin-recruiter/ipaajbgmiinahmfbmmjpikmfjkccpocj,chromewebstore.google.com,0.0,1.505149978319906,1.0,0.0,0.0,[],[]
336,Unknown,what is a sourcing recruiter,chrome_store,https://chromewebstore.google.com/detail/join-talent-sourcing/ejhbogofejeijcndmcehmaagmpijieic,chromewebstore.google.com,0.0,3.000434077479319,1.0,0.0,0.0,[],[]
337,Unknown,what is a sourcing recruiter,chrome_store,https://chromewebstore.google.com/detail/digital-recruiter/ihcnepmojmgcchnmeiikkofdfocekhnb,chromewebstore.google.com,0.0,1.0,1.0,0.0,0.0,[],[]
338,Unknown,recruiter sourcing tool,chrome_store,https://chromewebstore.google.com/detail/dotlinker-talent-sourcing/ahkanmhadkofolbaokeahjampgkfdami,chromewebstore.google.com,0.0,1.8325089127062364,1.0,0.0,0.0,[],[]
339,Unknown,recruiter sourcing tool,chrome_store,https://chromewebstore.google.com/detail/dover-sourcing-extension/knjnhpcmdnakigmnekianbpmhdfkejom,chromewebstore.google.com,0.0,2.9804578922761,1.0,0.0,0.0,[],[]
340,Unknown,recruiter sourcing tool,chrome_store,https://chromewebstore.google.com/detail/juicebox-ai-powered-sourc/iejdbgkemppncmaimjcgelcpmlkogmmf,chromewebstore.google.com,0.0,3.477265995424853,1.0,0.0,0.0,[],[]
341,Unknown,recruiter sourcing tool,chrome_store,https://chromewebstore.google.com/detail/hireright-linkedin-ai-rec/kehgpkpcnciipkmemljdgippdolecnee,chromewebstore.google.com,0.0,1.9344984512435677,1.0,0.0,0.0,[],[]
342,Unknown,recruiter sourcing tool,chrome_store,https://chromewebstore.google.com/detail/seekout-sourcing-assistan/fpeamfhkkhdjdikhbalglpemmhcaikmf,chromewebstore.google.com,0.0,3.7782236267660965,1.0,0.0,0.0,[],[]
